name,y,x,v_nom,carrier
Z,58.472426,-3.437285,400,AC
Netherlands,56.386163,-4.510102,400,DC
Ireland,56.386163,-4.510102,400,DC
N. Ireland,56.386163,-4.510102,400,DC
Belgium,56.386163,-4.510102,400,DC
France1,56.386163,-4.510102,400,DC
France2,56.386163,-4.510102,400,DC
Norway,56.386163,-4.510102,400,DC
Denmark,56.386163,-4.510102,400,DC
France,56.386163,-4.510102,400,DC
Germany,56.386163,-4.510102,400,DC
France3,56.386163,-4.510102,400,DC
